Sent to,Messege,Time
5556,jjjjddddd,20220125161035
5556,asdfsadf,20220125161052
5132,hello,20220125161441
8899,dsdfsdgdf,20220125161659
5468,adslkfjsad,20220125161910
1231,sgfdsdfg,20220125161929
1231,fdsgdsfg,20220125161932
2234,sadfsadf,20220125161956
2234,asdfsadfsadf,20220125161958
5566,sdfgdsfgsdf,20220125162234
5566,vbcxvbxcvb,20220125162508
8588,fgfdsgdsfg,20220125162629
8888,dfadsafsadfsdasdfsdafsadf,20220125162714
9998,helllo,20220125162743
4444,fgsdfgdfsgfsd,20220125162829
8889,dfdgdfsgdsfgds,20220125164759
46666,dsgdfsgdf,20220125165116
58550,drgsfgsdf ,20220125165240
58550,,20220125165402
4847,fdsgdfs,20220125165447
25106,hello,20220125165515
25106,sgdfgs,20220125165524
52786,hlw,20220125165620
52786,,20220125165620
12589,dsfasdfsad,20220125165649
38001,dgsdgdfsgdf,20220125165727
19235,hjhjhkkkj,20220125165824
14146,hello,20220125165900
10841,adsfsdaf,20220125165925
17147,hlw,20220125170004
63328,sdasdafsdf,20220125170031
28605,asdfsadfasd,20220125170055
60536,adkljfd;s,20220125171638
60536,akldjsf;,20220125171640
49190,hello,20220125171720
31129,hiii,20220125171736
26597,hello,20220125172220
26597,hii,20220125172224
26597,hiii,20220125172228
26597,adklfjlsda,20220125172229
36164,hello,20220125172245
36164,new,20220125172247
36164,hi,20220125172253
36164,iiii,20220125172258
36164,kkkkk,20220125172302
36164,dkkkkl,20220125172307
36164,kjlljk;,20220125172310
36164,jkljk,20220125172314
58781,hii,20220125172332
58781,hlw,20220125172337
58781,brother,20220125172341
58781,l,20220125172345
58781,s,20220125172347
58781,f,20220125172348
58781,w,20220125172350
58781,f,20220125172351
58781,w,20220125172352
58781,f,20220125172353
58781,a,20220125172354
58781,a,20220125172355
58781,w,20220125172356
58781,e,20220125172357
58781,r,20220125172357
58781,t,20220125172358
58781,y,20220125172358
58781,e,20220125172359
58781,w,20220125172400
12168,klllllllllllllllllllllllllllllllllllllllllllllllllllllllllllllllllllllllllllllllllllllllllllllllllllllllllllllllllllllllllllllllllllllllllllllllllllllllllll,20220125172431
12168,xcccccccccccccccccccccccccccccccccccccccccccccccccccccccccccccccccccccccccccccccccccccccccccccccccccccccccccccccccccccccccccccccccccccccccccccccccccccccccccccccccc,20220125172439
12168,cxxxxxxxxxxxxxxxxxxxxxxxxxxxxxxxxxxxxxxxxxxxxxxxxxxxxxxxxxxxxxxxxxxxxxxxxxxxxxxxxxxxxxxxxxxxxxxxxxxxxxxxxxxxxxxxxxxxxxxxxxxxxxxxxxxxxxxxxxxxxx,20220125172445
12168,xccccccccccccccccccccccccccccccccccccccccccccccccccccccccccccccccccccccccccccccccccccccccccccccccccccccccccccccccccccccccc,20220125172450
12168,cxxxxxxxxxxxxxxxxxxxxxxxxxxxxxxxxxxxxxxxxxxxxxxxxxxxxxxxxxxxxxxxxxxxxxxxxxxxxxxxxxxx,20220125172455
12168,d,20220125172457
30039,hi,20220125172528
30039,hlw,20220125172534
58339,hi,20220125172540
58339,hlw,20220125172541
58339,sdlafkj,20220125172542
58339,sdaf,20220125172543
58339,dsaf,20220125172544
58339,asdf,20220125172544
58339,sdaf,20220125172545
58339,dsf,20220125172545
58339,ads,20220125172546
58339,fsad,20220125172546
58339,dg,20220125172555
41408,hi,20220125172631
41408,hlw,20220125172633
41408,new?,20220125172636
41408,hello,20220125172642
22996,hi,20220125172758
23528,ds,20220125172815
23528,das,20220125172815
23528,dasf,20220125172816
23528,sdf,20220125172817
23458,sf,20220125172825
23458,asdf,20220125172826
23458,sdf,20220125172826
18052,gdfs,20220125172832
18052,sdgf,20220125172833
18052,dsfg,20220125172833
18052,gdsf,20220125172834
18052,dsfg,20220125172834
18052,gdsf,20220125172835
18052,re,20220125172835
27464,dfsgdfsg,20220125172840
27464,gdsf,20220125172841
27464,dsfg,20220125172841
27464,gdfs,20220125172842
27464,dsfg,20220125172842
27464,df,20220125172842
27464,d,20220125172843
27464,d,20220125172843
27464,d,20220125172843
27464,dd,20220125172844
27464,d,20220125172844
27464,d,20220125172844
27464,d,20220125172845
27464,d,20220125172845
27464,d,20220125172845
27464,d,20220125172846
27464,dd,20220125172846
31134,ji,20220125173003
31134,by,20220125173006
15793,hi,20220125173133
15793,hlw,20220125173138
5286,hi,20220125173151
5286,hlw,20220125173153
5286,bro,20220125173157
5286,new?,20220125173159
5286,hi,20220125173202
5286,hlw,20220125173204
5286,ne?,20220125173206
5286,new?,20220125173209
5286,hi,20220125173211
5286,hlw,20220125173213
26074,hi,20220125173305
26074,hlw,20220125173306
26074,nee?,20220125173308
26074,sakldjf,20220125173309
26074,dsafjlk,20220125173310
26074,dljkfa,20220125173311
26074,sdaljf,20220125173312
26074,sdaflkj;,20220125173313
26074,sdafjkl,20220125173314
26074,dfsalkj,20220125173315
26074,dasflkj,20220125173316
26074,sdfojisadf,20220125173317
26634,hi,20220125173639
26634,hlw,20220125173641
26634,hi,20220125173643
26634,by,20220125173644
26634,afs,20220125173652
63086,hi,20220125173727
63086,hlw,20220125173728
63086,mr,20220125173730
63086,asl,20220125173731
63086,new,20220125173733
63086,bro,20220125173735
63086,hi,20220125173737
63086,sdkalj,20220125173739
63086,sdaf,20220125173740
63086,sadf,20220125173741
63086,f,20220125173742
63086,d,20220125173743
63086,sa,20220125173743
63086,e,20220125173744
63086,f,20220125173744
63086,sdf,20220125173745
63086,asdf,20220125173746
63086,sadf,20220125173747
63086,vsvsaf,20220125173749
63086,sfa,20220125173750
63086,saf,20220125173750
63086,sfd,20220125173751
63086,aasdf,20220125173751
63086,sdaf,20220125173752
63086,sdaf,20220125173752
63086,sadf,20220125173753
63086,sdaf,20220125173753
63086,sadf,20220125173754
63086,sadf,20220125173754
63086,sadf,20220125173755
63086,sadf,20220125173755
63086,sadf,20220125173756
63086,sdaf,20220125173756
63086,sd,20220125173756
60462,123123666,20220125173825
60462,123123456456,20220125173831
60462,1313456456,20220125173833
60462,123123456456,20220125173837
60462,123123456456,20220125173839
60462,123123456456,20220125173841
60462,123123546456,20220125173843
60462,132123456456,20220125173845
60462,132123456456,20220125173847
60462,21556645645642389,20220125173851
60462,54621354612345613546123456123456123456123456123,20220125173858
60462,122345621346123456123456,20220125173902
60462,13456123456,20220125173904
60462,546123123456,20220125173906
60462,123456,20220125173907
60462,{,20220125173929
60462,"    ""server"":[",20220125173929
60462,,20220125173929
45068,hello,20220125224334
45068,sdjflkasd,20220125224335
45068,jii,20220125224337
45068,fsadfjsd,20220125224338
45068,sdfalkj,20220125224339
45068,sdafsda,20220125224340
45068,sdaf,20220125224340
45068,sdaf,20220125224341
45068,sdaf,20220125224341
45068,sdaf,20220125224341
45068,kjhj,20220125224355
45068,gfghfgh,20220125224356
45068,fdh,20220125224357
45068,fdh,20220125224357
45068,fdh,20220125224358
45068,fgh,20220125224358
45068,fg,20220125224358
11062,jlk,20220125225540
11062,lk;jl,20220125225542
11062,l;jkjl;,20220125225546
11062,;jlk,20220125225547
11062,lk;j,20220125225548
11062,lk;j,20220125225549
11062,l;j,20220125225550
11062,kl;joio,20220125225553
11062,jl;k,20220125225554
11062,jlkj,20220125225555
11062,jkl;j,20220125225556
11062,lkj;oioiijijioojiio,20220125225559
11062,kjlkjljkl,20220125225601
11062,kjljkl,20220125225602
11062,lk,20220125225603
23815,hello,20220125225620
23815,dfs,20220125225642
23815,dfsgd,20220125225645
23815,dsfgdfg,20220125225646
23815,dfsgdfsgdsf,20220125225647
23815,gsdfgdfsgsdf,20220125225649
23815,gdsfgdfs,20220125225649
23815,gdsfg,20220125225650
23815,dfsgdsf,20220125225651
23815,gdsfg,20220125225651
23815,dfsg,20220125225652
23815,,20220125225746
47958,hi,20220125225827
47958,hlw,20220125225836
47958,hii,20220125225844
47958,jllll,20220125225848
47958,kj,20220125225910
47958,jkjk,20220125225913
47958,jklk,20220125225915
47958,lkjkj,20220125225918
47958,jlkjlj,20220125225921
47958,"python -u ""d:\VS_code_project\Socket-Python\25-01-2022\multi_threading_&_processing\multi_processing.py""",20220125230359
