Sent by,Messege,Time
 35140,jjjjddddd,20220125161035
59184,hello,20220125161441
58118,dsdfsdgdf,20220125161659
47452,adslkfjsad,20220125161910
41930,sgfdsdfg,20220125161929
52736,sadfsadf,20220125161956
36226,sdfgdsfgsdf,20220125162300
44738,fgfdsgdsfg,20220125162629
54442,dfadsafsadfsdasdfsdafsadf,20220125162714
38952,helllo,20220125162743
42576,fgsdfgdfsgfsd,20220125162829
43006,dfdgdfsgdsfgds,20220125164759
38300,dsgdfsgdf,20220125165116
53014,drgsfgsdf ,20220125165244
57564,fdsgdfs,20220125165447
53308,hello,20220125165515
59914,hlw,20220125165620
56136,dsfasdfsad,20220125165649
59150,dgsdgdfsgdf,20220125165727
53864,hjhjhkkkj,20220125165824
55494,hello,20220125165900
33686,adsfsdaf,20220125165925
34510,hlw,20220125170004
35302,sdasdafsdf,20220125170031
39254,asdfsadfasd,20220125170055
37210,adkljfd;s,20220125171638
59164,hello,20220125171720
56332,hiii,20220125171736
54790,hello,20220125172220
54790,hii,20220125172224
54790,hiii,20220125172228
54790,adklfjlsda,20220125172229
36456,hello,20220125172245
36456,new,20220125172247
36456,hi,20220125172253
36456,iiii,20220125172258
36456,kkkkk,20220125172302
36456,dkkkkl,20220125172307
36456,kjlljk;,20220125172310
43456,hii,20220125172332
43456,hlw,20220125172337
43456,brother,20220125172341
43456,l,20220125172345
43456,s,20220125172347
43456,f,20220125172348
43456,w,20220125172350
43456,f,20220125172351
43456,w,20220125172352
43456,f,20220125172353
43456,a,20220125172354
43456,a,20220125172355
43456,w,20220125172356
43456,e,20220125172357
43456,r,20220125172357
43456,t,20220125172358
43456,y,20220125172358
43456,e,20220125172359
43456,w,20220125172400
50344,klllllllllllllllllllllllllllllllllllllllllllllllllllllllllllllllllllllllllllllllllllllllllllllllllllllllllllllllllllllllllllllllllllllllllllllllllllllllllll,20220125172431
50344,xcccccccccccccccccccccccccccccccccccccccccccccccccccccccccccccccccccccccccccccccccccccccccccccccccccccccccccccccccccccccccccccccccccccccccccccccccccccccccccccccccc,20220125172439
50344,cxxxxxxxxxxxxxxxxxxxxxxxxxxxxxxxxxxxxxxxxxxxxxxxxxxxxxxxxxxxxxxxxxxxxxxxxxxxxxxxxxxxxxxxxxxxxxxxxxxxxxxxxxxxxxxxxxxxxxxxxxxxxxxxxxxxxxxxxxxxxx,20220125172445
50344,xccccccccccccccccccccccccccccccccccccccccccccccccccccccccccccccccccccccccccccccccccccccccccccccccccccccccccccccccccccccccc,20220125172450
50344,cxxxxxxxxxxxxxxxxxxxxxxxxxxxxxxxxxxxxxxxxxxxxxxxxxxxxxxxxxxxxxxxxxxxxxxxxxxxxxxxxxxx,20220125172455
50344,d,20220125172457
59546,hi,20220125172528
59546,hlw,20220125172534
48278,hi,20220125172540
48278,hlw,20220125172541
48278,sdlafkj,20220125172542
48278,sdaf,20220125172543
48278,dsaf,20220125172544
48278,asdf,20220125172544
48278,sdaf,20220125172545
48278,dsf,20220125172545
48278,ads,20220125172546
48278,fsad,20220125172546
44628,hi,20220125172631
44628,hlw,20220125172633
44628,new?,20220125172636
44628,hello,20220125172642
59580,hi,20220125172758
46992,ds,20220125172815
46992,das,20220125172815
46992,dasf,20220125172816
44128,sf,20220125172825
44128,asdf,20220125172826
44128,sdf,20220125172826
60504,gdfs,20220125172832
60504,sdgf,20220125172833
60504,dsfg,20220125172833
60504,gdsf,20220125172834
60504,dsfg,20220125172834
60504,gdsf,20220125172835
60504,re,20220125172835
42428,dfsgdfsg,20220125172840
42428,gdsf,20220125172841
42428,dsfg,20220125172841
42428,gdfs,20220125172842
42428,dsfg,20220125172842
42428,df,20220125172842
42428,d,20220125172843
42428,d,20220125172843
42428,d,20220125172843
42428,dd,20220125172844
42428,d,20220125172844
42428,d,20220125172844
42428,d,20220125172845
42428,d,20220125172845
42428,d,20220125172845
42428,d,20220125172846
36994,ji,20220125173003
36994,by,20220125173006
37164,hi,20220125173133
37164,hlw,20220125173138
44434,hi,20220125173151
44434,hlw,20220125173153
44434,bro,20220125173157
44434,new?,20220125173159
44434,hi,20220125173202
44434,hlw,20220125173204
44434,ne?,20220125173206
44434,new?,20220125173209
44434,hi,20220125173211
44434,hlw,20220125173213
43222,hi,20220125173305
43222,hlw,20220125173306
43222,nee?,20220125173308
43222,sakldjf,20220125173309
43222,dsafjlk,20220125173310
43222,dljkfa,20220125173311
43222,sdaljf,20220125173312
43222,sdaflkj;,20220125173313
43222,sdafjkl,20220125173314
43222,dfsalkj,20220125173315
43222,dasflkj,20220125173316
43222,sdfojisadf,20220125173317
54498,hi,20220125173639
54498,hlw,20220125173641
54498,hi,20220125173643
54498,by,20220125173644
43556,hi,20220125173727
43556,hlw,20220125173728
43556,mr,20220125173730
43556,asl,20220125173731
43556,new,20220125173733
43556,bro,20220125173735
43556,hi,20220125173737
43556,sdkalj,20220125173739
43556,sdaf,20220125173740
43556,sadf,20220125173741
43556,f,20220125173742
43556,d,20220125173743
43556,sa,20220125173743
43556,e,20220125173744
43556,f,20220125173744
43556,sdf,20220125173745
43556,asdf,20220125173746
43556,sadf,20220125173747
43556,vsvsaf,20220125173749
43556,sfa,20220125173750
43556,saf,20220125173750
43556,sfd,20220125173751
43556,aasdf,20220125173751
43556,sdaf,20220125173752
43556,sdaf,20220125173752
43556,sadf,20220125173753
43556,sdaf,20220125173753
43556,sadf,20220125173754
43556,sadf,20220125173754
43556,sadf,20220125173755
43556,sadf,20220125173755
43556,sadf,20220125173756
43556,sdaf,20220125173756
43556,sd,20220125173756
59182,123123666,20220125173825
59182,123123456456,20220125173831
59182,1313456456,20220125173833
59182,123123456456,20220125173837
59182,123123456456,20220125173839
59182,123123456456,20220125173841
59182,123123546456,20220125173843
59182,132123456456,20220125173845
59182,132123456456,20220125173847
59182,21556645645642389,20220125173851
59182,54621354612345613546123456123456123456123456123,20220125173858
59182,122345621346123456123456,20220125173902
59182,13456123456,20220125173904
59182,546123123456,20220125173906
59182,123456,20220125173907
59182,{,20220125173929
59182,"    ""server"":[",20220125173929
14302,hello,20220125224334
14302,sdjflkasd,20220125224335
14302,jii,20220125224337
14302,fsadfjsd,20220125224338
14302,sdfalkj,20220125224339
14302,sdafsda,20220125224340
14302,sdaf,20220125224340
14302,sdaf,20220125224341
14302,sdaf,20220125224341
14302,sdaf,20220125224341
14302,kjhj,20220125224355
14302,gfghfgh,20220125224356
14302,fdh,20220125224357
14302,fdh,20220125224357
14302,fdh,20220125224358
14302,fgh,20220125224358
14302,fg,20220125224358
8372,jlk,20220125225540
8372,lk;jl,20220125225542
8372,l;jkjl;,20220125225546
8372,;jlk,20220125225547
8372,lk;j,20220125225548
8372,lk;j,20220125225549
8372,l;j,20220125225550
8372,kl;joio,20220125225553
8372,jl;k,20220125225554
8372,jlkj,20220125225555
8372,jkl;j,20220125225556
8372,lkj;oioiijijioojiio,20220125225559
8372,kjlkjljkl,20220125225601
8372,kjljkl,20220125225602
8372,lk,20220125225603
8404,hello,20220125225620
8404,dfs,20220125225642
8404,dfsgd,20220125225645
8404,dsfgdfg,20220125225646
8404,dfsgdfsgdsf,20220125225647
8404,gsdfgdfsgsdf,20220125225649
8404,gdsfgdfs,20220125225649
8404,gdsfg,20220125225650
8404,dfsgdsf,20220125225651
8404,gdsfg,20220125225651
8404,dfsg,20220125225652
8542,hi,20220125225827
8542,hlw,20220125225836
8542,hii,20220125225844
8542,jllll,20220125225848
8542,kj,20220125225910
8542,jkjk,20220125225913
8542,jklk,20220125225915
8542,lkjkj,20220125225918
8542,jlkjlj,20220125225921
8542,"python -u ""d:\VS_code_project\Socket-Python\25-01-2022\multi_threading_&_processing\multi_processing.py""",20220125230359
